{
  "name": "Get Pods",
  "description": "Get Pods from a Kubernetes Cluster",
  "form": "17f14c97-aec7-4ae3-9faf-05e8391ece31",
  "blocks": [
    {
      "id": "ebe85d0e-bb9f-464c-aaaf-db164d8f4fec",
      "label": "Kubernetes - Get Pods",
      "environment": "ONPREMISE",
      "presentation": "{\"w\":60,\"x\":220,\"h\":60,\"y\":260}",
      "step": "2e7a04d0-8eeb-42cc-82b4-7fab5deab6d6",
      "stepType": "SCRIPT_STEP"
    },
    {
      "id": "cee4b4b3-c62a-4739-b1b4-e6432ec82890",
      "label": "Kubernetes - Rollback Deployment",
      "environment": "ONPREMISE",
      "presentation": "{\"w\":60,\"x\":220,\"h\":60,\"y\":40}",
      "step": "159e76de-0eee-4596-a055-2df2632ceac1",
      "stepType": "SCRIPT_STEP"
    },
    {
      "id": "ee112aab-d9a0-498d-bb6f-de3deee252dd",
      "label": "Kubernetes - Run Command",
      "environment": "ONPREMISE",
      "presentation": "{\"w\":60,\"x\":220,\"h\":60,\"y\":480}",
      "step": "0e40b141-2a07-43cd-9b06-a98fb8dd85b1",
      "stepType": "SCRIPT_STEP"
    }
  ]
}