[
  {
    "id": "2e7a04d0-8eeb-42cc-82b4-7fab5deab6d6",
    "name": "Kubernetes - Get Pods",
    "description": "",
    "icon": "https://s3-xmatters-static.s3.amazonaws.com/null/customers/aa4ff4cd-06da-460c-b2d0-bb34ad66da69/IMAGE__20200605193506634__kubernetes.png",
    "script": "var kubeparse = require('kube-parse');\ntry\n{\n var Shell = require('xm-shell');\n}\ncatch (e)\n{\n console.log(\"Could not load library:\" + e);\n console.log(\"Running in cloud - exiting.\");\n}\n\nif(Object.getOwnPropertyNames(Shell).length === 0 )\n{\n //integration is running in the cloud\n console.log(\"Running in cloud - exiting.\");\n return;\n}\n\n// request the operating system name from the shell\nvar osname = Shell.osname();\nif (osname === 'Linux') {\n var script = Shell.script(function () {/*\n kubectl get pods\n */});\n\n // Execute the script.\n execute = Shell.exec('bash', script);\n out = execute.output();\n output['result'] = out;\n output['result_pretty'] = kubeparse.pretty(out);\n output['exit_code'] = execute.exitCode();\n if (execute.exitCode() !== 0){\n     console.log(\"Exit code: \" + execute.exitCode());\n     console.log(\"Error: \" + execute.error());\n }\n}\n",
    "allowedEnvironment": "ONPREMISE",
    "accessibleByAll": "NotShared",
    "scriptStepType": "USER",
    "inputs": [],
    "outputs": [
      {
        "id": "6af6edd4-39ab-4d5d-b3a0-48c1ac17bb81",
        "name": "result",
        "position": 0
      },
      {
        "id": "9d23bdd4-3d1f-48f1-9eff-65e34e90d56a",
        "name": "exit_code",
        "position": 1
      },
      {
        "id": "3038170d-ea12-4692-bda2-11ff731a855d",
        "name": "result_pretty",
        "position": 2
      }
    ],
    "libraries": [
      {
        "id": "774ba650-93a4-46e6-9e70-657fce188df4",
        "referenceName": "kube-parse",
        "library": {
          "id": "71d74f7d-d2f8-41a1-8104-a8b266d966bd",
          "name": "kube-parse",
          "script": "exports.parseTable = function(json) {\n\n    // Check if kind is table\n    if (json.kind != \"Table\") {\n        return {\"ok\": false, \"table\": \"<p>JSON is not of kind 'table'</p>\"}\n    }\n    \n    const header = json.columnDefinitions.map(i => (i.priority === 0) ? i.name : undefined);\n    var table = []\n    \n    for (const i in json.rows) {\n        table.push([])\n        for (const j in json.rows[i].cells) {\n            if (header[j] !== undefined) {\n                table[i].push(json.rows[i].cells[j])\n            }\n        }\n    }\n    \n    table.unshift(header.filter(i => i !== undefined))\n    \n    // Create html from table\n    html = '<table>'\n    for (const row in table) {\n        html += '<tr>'\n        for (const item in table[row]) {\n            html += (row == \"0\") ? '<th>' : '<td>';\n            html += table[row][item];\n            html += (row == \"0\") ? '</th>' : '</td>';\n        }\n        html += '</tr>'\n    }\n    html += '</table>'\n    \n    return {\"ok\": true, \"table\": html}\n}\n\nexports.pretty = function(ugly) {\n    console.log(ugly);\n    lines = ugly.split(\"\\n\");\n    console.log(lines);\n    words = [];\n    for (i = 0; i < lines.length; i++) {\n        if (lines[i] !== \"\") {\n            words.push(lines[i].split(/[ ,]+/));\n        }\n    }\n    console.log(words);\n    html = \"<table>\"\n    for (i = 0; i < words.length; i++) {\n        html += \"<tr>\"\n        for (j = 0; j < words[i].length; j++) {\n            html += \"<td>\" + words[i][j] + \"</td>\"\n        }\n        html += \"</tr>\"\n    }\n    html += \"</table>\"\n    return html\n}",
          "accessibleByAll": "NotShared"
        }
      }
    ]
  },
  {
    "id": "159e76de-0eee-4596-a055-2df2632ceac1",
    "name": "Kubernetes - Rollback Deployment",
    "description": "",
    "icon": "https://s3-xmatters-static.s3.amazonaws.com/null/customers/aa4ff4cd-06da-460c-b2d0-bb34ad66da69/IMAGE__20200605193506634__kubernetes.png",
    "script": "//var kubeParse = require('kube-parse')\n\nstr = input['Deployment']\nif (str.indexOf('\\\\') != -1 || str.indexOf('\\'') != -1) {\n    throw \"the \\\\ and ' characters are not allowed.\"\n}\n\n// Script needs to be run because there is no way to securely store secrets\n// in a flow at the current time.\n\ntry\n{\n var Shell = require('xm-shell');\n}\ncatch (e)\n{\n console.log(\"Could not load library:\" + e);\n console.log(\"Running in cloud - exiting.\");\n}\n\nif(Object.getOwnPropertyNames(Shell).length === 0 )\n{\n //integration is running in the cloud\n console.log(\"Running in cloud - exiting.\");\n return;\n}\n\n// request the operating system name from the shell\nvar osname = Shell.osname();\nif (osname === 'Linux') {\n // create a script and pass some parameters into it.\n var script = Shell.script(function () {/*\n name='${deployment}'\n kubectl rollout undo deployment/${safedeployment}\n */}, {deployment: str, safedeployment: \"${name}\"});\n\n// Execute the script.\n execute = Shell.exec('bash', script);\n console.log(execute.output());\n output['result'] = execute.output();\n output['exit_code'] = execute.exitCode();\n if (execute.exitCode() !== 0){\n     console.log(\"Exit code: \" + execute.exitCode());\n     console.log(\"Error: \" + execute.error());\n }\n}\n\n/*\n cat /var/run/secrets/kubernetes.io/serviceaccount/token\n */\n\n// Now that the token is retrieved, API Calls\n\n/*var apiRequest = http.request({\n    'endpoint': 'Kubernetes',\n    'path': '/api/v1/namespaces/default/pods',\n    'method': 'GET',\n    'headers': {\n        'Authorization': 'Bearer ' + token,\n        'Accept': 'application/json;as=Table;v=v1beta1;g=meta.k8s.io, application/json'\n    }\n});\n\nvar apiResponse = apiRequest.write();\n\nif (apiResponse.statusCode >= 200 && apiResponse.statusCode < 300) {\n    json = JSON.parse(apiResponse.body);\n    output['result'] = json;\n    parsedTable = kubeParse.parseTable(json);\n    output['HTMLok'] = parsedTable.ok;\n    if (!parsedTable.ok) {\n        output['HTML'] = parsedTable.table;\n    } else {\n        console.log(parsedTable.table);\n        output['HTML'] = \"<p>No table available</p>\";\n    }\n}*/\n",
    "allowedEnvironment": "ONPREMISE",
    "accessibleByAll": "NotShared",
    "scriptStepType": "USER",
    "inputs": [
      {
        "id": "3a0b3ad7-393c-49fe-bf21-15ed6dff0e09",
        "name": "Deployment",
        "helpText": "Name of the deployment to rollback",
        "defaultValue": "",
        "multiline": false,
        "required": true,
        "maxLength": 2000,
        "minLength": 0,
        "position": 0
      }
    ],
    "outputs": [
      {
        "id": "d7ec89d9-145e-4f3d-ae94-e1da0017f116",
        "name": "result",
        "position": 0
      },
      {
        "id": "fb5cd3f7-56c6-4d41-90c3-f78362357f2c",
        "name": "exit_code",
        "position": 1
      }
    ],
    "libraries": []
  },
  {
    "id": "0e40b141-2a07-43cd-9b06-a98fb8dd85b1",
    "name": "Kubernetes - Run Command",
    "description": "",
    "icon": "https://s3-xmatters-static.s3.amazonaws.com/null/customers/aa4ff4cd-06da-460c-b2d0-bb34ad66da69/IMAGE__20200605193506634__kubernetes.png",
    "script": "//var kubeParse = require('kube-parse')\n\nparameters = input['Parameters']\nif (parameters.indexOf('\\\\') != -1 || parameters.indexOf('\\'') != -1) {\n    throw \"the \\\\ and ' characters are not allowed.\"\n}\n\ntry\n{\n var Shell = require('xm-shell');\n}\ncatch (e)\n{\n console.log(\"Could not load library:\" + e);\n console.log(\"Running in cloud - exiting.\");\n}\n\nif(Object.getOwnPropertyNames(Shell).length === 0 )\n{\n //integration is running in the cloud\n console.log(\"Running in cloud - exiting.\");\n return;\n}\n\n// request the operating system name from the shell\nvar osname = Shell.osname();\nif (osname === 'Linux') {\n // create a script and pass some parameters into it.\n var script = Shell.script(function () {/*\n IFS=', ' read -r -a parameterarray <<< '${params}'\n kubectl ${pa}\n */}, {params: parameters, pa: \"${parameterarray[*]}\"});\n//\n// Execute the script.\n execute = Shell.exec('bash', script);\n output['result'] = execute.output();\n output['exit_code'] = execute.exitCode();\n if (execute.exitCode() !== 0){\n     console.log(\"Exit code: \" + execute.exitCode());\n     console.log(\"Error: \" + execute.error());\n }\n}\n",
    "allowedEnvironment": "ONPREMISE",
    "accessibleByAll": "NotShared",
    "scriptStepType": "USER",
    "inputs": [
      {
        "id": "f02fa87c-8e20-4cfc-9ec4-b17e49550d6f",
        "name": "Parameters",
        "helpText": "This value is put after `kubectl` and run on the agent.",
        "defaultValue": "",
        "multiline": false,
        "required": true,
        "validationRegex": "",
        "maxLength": 2000,
        "minLength": 0,
        "position": 0
      }
    ],
    "outputs": [
      {
        "id": "f73c7b78-91b1-4fa9-abda-edf37a62f7d3",
        "name": "result",
        "description": "",
        "position": 0
      },
      {
        "id": "f4f7a9a6-9906-4da2-8a2c-fe4392a5535e",
        "name": "exit_code",
        "description": "",
        "position": 1
      }
    ],
    "libraries": []
  }
]